{"v":"4.8.0","meta":{"g":"LottieFiles AE 3.5.3","a":"","k":"","d":"","tc":""},"fr":30,"ip":0,"op":31,"w":1080,"h":1080,"nm":"bouncing ball","ddd":0,"assets":[],"layers":[{"ddd":0,"ind":1,"ty":4,"nm":"ball","sr":1,"ks":{"o":{"a":0,"k":100,"ix":11},"r":{"a":0,"k":0,"ix":10},"p":{"a":1,"k":[{"i":{"x":0,"y":0.992},"o":{"x":0,"y":0},"t":0,"s":[540,747.963,0],"to":[0,-41.833,0],"ti":[0,0,0]},{"i":{"x":1,"y":1},"o":{"x":1,"y":0},"t":15,"s":[540,496.963,0],"to":[0,0,0],"ti":[0,-41.833,0]},{"t":30,"s":[540,747.963,0]}],"ix":2},"a":{"a":0,"k":[122.759,230.518,0],"ix":1},"s":{"a":1,"k":[{"i":{"x":[0.833,0.833,0.833],"y":[0.833,0.833,0.833]},"o":{"x":[0.167,0.167,0.167],"y":[0.167,0.167,0.167]},"t":0,"s":[118.56,91.648,100]},{"i":{"x":[0,0,0.667],"y":[1,1,1]},"o":{"x":[0.167,0.167,0.167],"y":[0.167,0.167,0]},"t":2,"s":[88.864,105.568,100]},{"i":{"x":[0.833,0.833,0.833],"y":[0.833,0.833,1]},"o":{"x":[1,1,0.333],"y":[0,0,0]},"t":15,"s":[100,100,100]},{"i":{"x":[0.833,0.833,0.833],"y":[0.833,0.833,0.833]},"o":{"x":[0.167,0.167,0.167],"y":[0.167,0.167,0.167]},"t":28,"s":[88.864,105.568,100]},{"t":30,"s":[118.56,91.648,100]}],"ix":6}},"ao":0,"shapes":[{"ty":"gr","it":[{"ind":0,"ty":"sh","ix":1,"ks":{"a":0,"k":{"i":[[10.918,-9.175],[3.326,3.958],[-10.918,9.175],[-3.326,-3.958]],"o":[[-10.918,9.175],[-3.327,-3.958],[10.918,-9.176],[3.327,3.958]],"v":[[6.023,7.166],[-19.768,16.613],[-6.023,-7.166],[19.768,-16.613]],"c":true},"ix":2},"nm":"Path 1","mn":"ADBE Vector Shape - Group","hd":false},{"ty":"fl","c":{"a":0,"k":[0.835294177485,0.996078491211,0.945098099054,1],"ix":4},"o":{"a":0,"k":100,"ix":5},"r":1,"bm":0,"nm":"Fill 1","mn":"ADBE Vector Graphic - Fill","hd":false},{"ty":"tr","p":{"a":0,"k":[66.089,53.823],"ix":2},"a":{"a":0,"k":[0,0],"ix":1},"s":{"a":0,"k":[100,100],"ix":3},"r":{"a":0,"k":0,"ix":6},"o":{"a":0,"k":100,"ix":7},"sk":{"a":0,"k":0,"ix":4},"sa":{"a":0,"k":0,"ix":5},"nm":"Transform"}],"nm":"Group 1","np":2,"cix":2,"bm":0,"ix":1,"mn":"ADBE Vector Group","hd":false},{"ty":"gr","it":[{"ind":0,"ty":"sh","ix":1,"ks":{"a":0,"k":{"i":[[42.083,-42.083],[42.082,42.083],[-67.528,71.882],[0,0]],"o":[[-42.083,42.083],[0,0],[67.98,-72.365],[42.083,42.082]],"v":[[46.542,44.398],[-105.852,44.398],[37.873,36.115],[46.542,-107.996]],"c":true},"ix":2},"nm":"Path 1","mn":"ADBE Vector Shape - Group","hd":false},{"ty":"st","c":{"a":0,"k":[0.003921568627,0.258823529412,0.258823529412,1],"ix":3},"o":{"a":0,"k":100,"ix":4},"w":{"a":0,"k":6,"ix":5},"lc":2,"lj":2,"bm":0,"nm":"Stroke 1","mn":"ADBE Vector Graphic - Stroke","hd":false},{"ty":"fl","c":{"a":0,"k":[0.003921568627,0.258823529412,0.258823529412,1],"ix":4},"o":{"a":0,"k":100,"ix":5},"r":1,"bm":0,"nm":"Fill 1","mn":"ADBE Vector Graphic - Fill","hd":false},{"ty":"tr","p":{"a":0,"k":[152.415,154.559],"ix":2},"a":{"a":0,"k":[0,0],"ix":1},"s":{"a":0,"k":[100,100],"ix":3},"r":{"a":0,"k":0,"ix":6},"o":{"a":0,"k":100,"ix":7},"sk":{"a":0,"k":0,"ix":4},"sa":{"a":0,"k":0,"ix":5},"nm":"Transform"}],"nm":"Group 2","np":3,"cix":2,"bm":0,"ix":2,"mn":"ADBE Vector Group","hd":false},{"ty":"gr","it":[{"ind":0,"ty":"sh","ix":1,"ks":{"a":0,"k":{"i":[[0,-59.514],[59.514,0],[0,59.514],[-59.514,0]],"o":[[0,59.514],[-59.514,0],[0,-59.514],[59.514,0]],"v":[[107.759,0],[0,107.759],[-107.759,0],[0,-107.759]],"c":true},"ix":2},"nm":"Path 1","mn":"ADBE Vector Shape - Group","hd":false},{"ty":"st","c":{"a":0,"k":[0.003921568627,0.258823529412,0.258823529412,1],"ix":3},"o":{"a":0,"k":100,"ix":4},"w":{"a":0,"k":6,"ix":5},"lc":2,"lj":2,"bm":0,"nm":"Stroke 1","mn":"ADBE Vector Graphic - Stroke","hd":false},{"ty":"fl","c":{"a":0,"k":[0,0.866666726505,0.701960784314,1],"ix":4},"o":{"a":0,"k":100,"ix":5},"r":1,"bm":0,"nm":"Fill 1","mn":"ADBE Vector Graphic - Fill","hd":false},{"ty":"tr","p":{"a":0,"k":[122.759,122.759],"ix":2},"a":{"a":0,"k":[0,0],"ix":1},"s":{"a":0,"k":[100,100],"ix":3},"r":{"a":0,"k":0,"ix":6},"o":{"a":0,"k":100,"ix":7},"sk":{"a":0,"k":0,"ix":4},"sa":{"a":0,"k":0,"ix":5},"nm":"Transform"}],"nm":"Group 3","np":3,"cix":2,"bm":0,"ix":3,"mn":"ADBE Vector Group","hd":false}],"ip":0,"op":31,"st":0,"bm":0},{"ddd":0,"ind":2,"ty":4,"nm":"text","sr":1,"ks":{"o":{"a":0,"k":100,"ix":11},"r":{"a":0,"k":0,"ix":10},"p":{"a":0,"k":[534.188,826.519,0],"ix":2},"a":{"a":0,"k":[248.182,40.188,0],"ix":1},"s":{"a":0,"k":[100,100,100],"ix":6}},"ao":0,"shapes":[{"ty":"gr","it":[{"ind":0,"ty":"sh","ix":1,"ks":{"a":0,"k":{"i":[[1.245,1.194],[0,1.778],[-1.245,1.194],[-1.932,0],[-1.22,-1.193],[0,-1.778],[1.22,-1.193],[1.879,0]],"o":[[-1.245,-1.193],[0,-1.778],[1.245,-1.193],[1.879,0],[1.22,1.194],[0,1.778],[-1.22,1.194],[-1.932,0]],"v":[[-4.687,4.458],[-6.554,0.001],[-4.687,-4.458],[0.077,-6.249],[4.725,-4.458],[6.554,0.001],[4.725,4.458],[0.077,6.249]],"c":true},"ix":2},"nm":"Path 1","mn":"ADBE Vector Shape - Group","hd":false},{"ty":"fl","c":{"a":0,"k":[0.835294177485,0.996078491211,0.945098099054,1],"ix":4},"o":{"a":0,"k":100,"ix":5},"r":1,"bm":0,"nm":"Fill 1","mn":"ADBE Vector Graphic - Fill","hd":false},{"ty":"tr","p":{"a":0,"k":[489.56,54.288],"ix":2},"a":{"a":0,"k":[0,0],"ix":1},"s":{"a":0,"k":[100,100],"ix":3},"r":{"a":0,"k":0,"ix":6},"o":{"a":1,"k":[{"i":{"x":[0.833],"y":[0.833]},"o":{"x":[0.167],"y":[0.167]},"t":24,"s":[0]},{"t":25,"s":[100]}],"ix":7},"sk":{"a":0,"k":0,"ix":4},"sa":{"a":0,"k":0,"ix":5},"nm":"Transform"}],"nm":"Group 1","np":2,"cix":2,"bm":0,"ix":1,"mn":"ADBE Vector Group","hd":false},{"ty":"gr","it":[{"ind":0,"ty":"sh","ix":1,"ks":{"a":0,"k":{"i":[[1.245,1.194],[0,1.778],[-1.245,1.194],[-1.932,0],[-1.22,-1.193],[0,-1.778],[1.22,-1.193],[1.879,0]],"o":[[-1.245,-1.193],[0,-1.778],[1.245,-1.193],[1.879,0],[1.22,1.194],[0,1.778],[-1.22,1.194],[-1.932,0]],"v":[[-4.687,4.458],[-6.554,0.001],[-4.687,-4.458],[0.077,-6.249],[4.725,-4.458],[6.554,0.001],[4.725,4.458],[0.077,6.249]],"c":true},"ix":2},"nm":"Path 1","mn":"ADBE Vector Shape - Group","hd":false},{"ty":"fl","c":{"a":0,"k":[0.835294177485,0.996078491211,0.945098099054,1],"ix":4},"o":{"a":0,"k":100,"ix":5},"r":1,"bm":0,"nm":"Fill 1","mn":"ADBE Vector Graphic - Fill","hd":false},{"ty":"tr","p":{"a":0,"k":[469.743,54.288],"ix":2},"a":{"a":0,"k":[0,0],"ix":1},"s":{"a":0,"k":[100,100],"ix":3},"r":{"a":0,"k":0,"ix":6},"o":{"a":1,"k":[{"i":{"x":[0.833],"y":[0.833]},"o":{"x":[0.167],"y":[0.167]},"t":12,"s":[0]},{"t":13,"s":[100]}],"ix":7},"sk":{"a":0,"k":0,"ix":4},"sa":{"a":0,"k":0,"ix":5},"nm":"Transform"}],"nm":"Group 2","np":2,"cix":2,"bm":0,"ix":2,"mn":"ADBE Vector Group","hd":false},{"ty":"gr","it":[{"ind":0,"ty":"sh","ix":1,"ks":{"a":0,"k":{"i":[[1.245,1.194],[0,1.778],[-1.245,1.194],[-1.932,0],[-1.22,-1.193],[0,-1.778],[1.22,-1.193],[1.879,0]],"o":[[-1.245,-1.193],[0,-1.778],[1.245,-1.193],[1.879,0],[1.22,1.194],[0,1.778],[-1.22,1.194],[-1.932,0]],"v":[[-4.687,4.458],[-6.554,0.001],[-4.687,-4.458],[0.077,-6.249],[4.725,-4.458],[6.554,0.001],[4.725,4.458],[0.077,6.249]],"c":true},"ix":2},"nm":"Path 1","mn":"ADBE Vector Shape - Group","hd":false},{"ty":"fl","c":{"a":0,"k":[0.835294177485,0.996078491211,0.945098099054,1],"ix":4},"o":{"a":0,"k":100,"ix":5},"r":1,"bm":0,"nm":"Fill 1","mn":"ADBE Vector Graphic - Fill","hd":false},{"ty":"tr","p":{"a":0,"k":[449.928,54.288],"ix":2},"a":{"a":0,"k":[0,0],"ix":1},"s":{"a":0,"k":[100,100],"ix":3},"r":{"a":0,"k":0,"ix":6},"o":{"a":1,"k":[{"i":{"x":[0.833],"y":[0.833]},"o":{"x":[0.167],"y":[0.167]},"t":0,"s":[0]},{"t":1,"s":[100]}],"ix":7},"sk":{"a":0,"k":0,"ix":4},"sa":{"a":0,"k":0,"ix":5},"nm":"Transform"}],"nm":"Group 3","np":2,"cix":2,"bm":0,"ix":3,"mn":"ADBE Vector Group","hd":false},{"ty":"gr","it":[{"ind":0,"ty":"sh","ix":1,"ks":{"a":0,"k":{"i":[[0,0],[0,0],[-0.685,-0.635],[-1.627,0],[0,0],[0,0],[0,0],[0,8.74],[0,0],[0,0],[0,0],[0,0],[0,0],[0,0],[0,0],[0,0],[0,0]],"o":[[0,0],[0,1.423],[0.687,0.635],[0,0],[0,0],[0,0],[-8.993,0],[0,0],[0,0],[0,0],[0,0],[0,0],[0,0],[0,0],[0,0],[0,0],[0,0]],"v":[[3.163,-7.126],[3.163,13.3],[4.191,16.387],[7.66,17.339],[12.614,17.339],[12.614,26.333],[5.906,26.333],[-7.584,13.224],[-7.584,-7.126],[-12.614,-7.126],[-12.614,-15.892],[-7.584,-15.892],[-7.584,-26.333],[3.163,-26.333],[3.163,-15.892],[12.614,-15.892],[12.614,-7.126]],"c":true},"ix":2},"nm":"Path 1","mn":"ADBE Vector Shape - Group","hd":false},{"ty":"fl","c":{"a":0,"k":[0.835294177485,0.996078491211,0.945098099054,1],"ix":4},"o":{"a":0,"k":100,"ix":5},"r":1,"bm":0,"nm":"Fill 1","mn":"ADBE Vector Graphic - Fill","hd":false},{"ty":"tr","p":{"a":0,"k":[424.968,33.672],"ix":2},"a":{"a":0,"k":[0,0],"ix":1},"s":{"a":0,"k":[100,100],"ix":3},"r":{"a":0,"k":0,"ix":6},"o":{"a":0,"k":100,"ix":7},"sk":{"a":0,"k":0,"ix":4},"sa":{"a":0,"k":0,"ix":5},"nm":"Transform"}],"nm":"Group 4","np":2,"cix":2,"bm":0,"ix":4,"mn":"ADBE Vector Group","hd":false},{"ty":"gr","it":[{"ind":0,"ty":"sh","ix":1,"ks":{"a":0,"k":{"i":[[0,0],[0,0],[0,0],[0,0]],"o":[[0,0],[0,0],[0,0],[0,0]],"v":[[5.258,29.878],[-5.413,29.878],[-5.413,-12.348],[5.258,-12.348]],"c":true},"ix":2},"nm":"Path 1","mn":"ADBE Vector Shape - Group","hd":false},{"ind":1,"ty":"sh","ix":2,"ks":{"a":0,"k":{"i":[[0,0]],"o":[[0,0]],"v":[[5.258,-12.348]],"c":false},"ix":2},"nm":"Path 2","mn":"ADBE Vector Shape - Group","hd":false},{"ind":2,"ty":"sh","ix":3,"ks":{"a":0,"k":{"i":[[1.244,1.194],[0,1.779],[-1.246,1.194],[-1.881,0],[-1.245,-1.194],[0,-1.778],[1.245,-1.194],[1.879,0]],"o":[[-1.246,-1.194],[0,-1.778],[1.244,-1.194],[1.879,0],[1.245,1.194],[0,1.779],[-1.245,1.194],[-1.881,0]],"v":[[-4.688,-19.168],[-6.555,-23.628],[-4.688,-28.086],[-0.001,-29.878],[4.686,-28.086],[6.555,-23.628],[4.686,-19.168],[-0.001,-17.378]],"c":true},"ix":2},"nm":"Path 3","mn":"ADBE Vector Shape - Group","hd":false},{"ty":"fl","c":{"a":0,"k":[0.835294177485,0.996078491211,0.945098099054,1],"ix":4},"o":{"a":0,"k":100,"ix":5},"r":1,"bm":0,"nm":"Fill 1","mn":"ADBE Vector Graphic - Fill","hd":false},{"ty":"tr","p":{"a":0,"k":[399.931,30.128],"ix":2},"a":{"a":0,"k":[0,0],"ix":1},"s":{"a":0,"k":[100,100],"ix":3},"r":{"a":0,"k":0,"ix":6},"o":{"a":0,"k":100,"ix":7},"sk":{"a":0,"k":0,"ix":4},"sa":{"a":0,"k":0,"ix":5},"nm":"Transform"}],"nm":"Group 5","np":4,"cix":2,"bm":0,"ix":5,"mn":"ADBE Vector Group","hd":false},{"ty":"gr","it":[{"ind":0,"ty":"sh","ix":1,"ks":{"a":0,"k":{"i":[[1.016,1.855],[1.727,0.992],[1.982,0],[1.677,-0.964],[1.041,-1.855],[0,-2.54],[-1.042,-1.906],[-1.703,-1.015],[-1.931,0],[-1.728,0.991],[-1.017,1.855],[0,2.592]],"o":[[-1.017,-1.854],[-1.728,-0.99],[-1.981,0],[-1.677,0.966],[-1.042,1.855],[0,2.541],[1.041,1.905],[1.701,1.017],[1.982,0],[1.727,-0.991],[1.016,-1.855],[0,-2.591]],"v":[[9.718,-6.669],[5.602,-10.938],[0.037,-12.424],[-5.45,-10.976],[-9.528,-6.745],[-11.091,-0.152],[-9.528,6.517],[-5.411,10.899],[0.037,12.424],[5.602,10.937],[9.718,6.669],[11.242,0]],"c":true},"ix":2},"nm":"Path 1","mn":"ADBE Vector Shape - Group","hd":false},{"ind":1,"ty":"sh","ix":2,"ks":{"a":0,"k":{"i":[[-1.703,3.304],[-2.922,1.779],[-3.608,0],[-2.363,-1.269],[-1.422,-1.931],[0,0],[0,0],[0,0],[0,0],[0,0],[2.413,-1.295],[3.15,0],[2.922,1.829],[1.702,3.328],[0,4.319]],"o":[[1.702,-3.303],[2.922,-1.777],[3.151,0],[2.363,1.271],[0,0],[0,0],[0,0],[0,0],[0,0],[-1.372,1.982],[-2.413,1.296],[-3.557,0],[-2.922,-1.829],[-1.703,-3.327],[0,-4.269]],"v":[[-19.435,-11.509],[-12.5,-19.131],[-2.706,-21.798],[5.563,-19.893],[11.242,-15.091],[11.242,-21.112],[21.989,-21.112],[21.989,21.112],[11.242,21.112],[11.242,14.938],[5.563,19.854],[-2.782,21.798],[-12.5,19.055],[-19.435,11.318],[-21.989,-0.152]],"c":true},"ix":2},"nm":"Path 2","mn":"ADBE Vector Shape - Group","hd":false},{"ty":"fl","c":{"a":0,"k":[0.835294177485,0.996078491211,0.945098099054,1],"ix":4},"o":{"a":0,"k":100,"ix":5},"r":1,"bm":0,"nm":"Fill 1","mn":"ADBE Vector Graphic - Fill","hd":false},{"ty":"tr","p":{"a":0,"k":[362.089,38.893],"ix":2},"a":{"a":0,"k":[0,0],"ix":1},"s":{"a":0,"k":[100,100],"ix":3},"r":{"a":0,"k":0,"ix":6},"o":{"a":0,"k":100,"ix":7},"sk":{"a":0,"k":0,"ix":4},"sa":{"a":0,"k":0,"ix":5},"nm":"Transform"}],"nm":"Group 6","np":3,"cix":2,"bm":0,"ix":6,"mn":"ADBE Vector Group","hd":false},{"ty":"gr","it":[{"ind":0,"ty":"sh","ix":1,"ks":{"a":0,"k":{"i":[[0,0],[0,0],[0,0],[0,0],[0,0],[0,0],[0,0],[0,0],[0,0],[0,0],[0,0],[0,0],[0,0]],"o":[[0,0],[0,0],[0,0],[0,0],[0,0],[0,0],[0,0],[0,0],[0,0],[0,0],[0,0],[0,0],[0,0]],"v":[[31.631,-21.113],[19.283,21.113],[7.775,21.113],[0.077,-8.383],[-7.621,21.113],[-19.207,21.113],[-31.631,-21.113],[-20.808,-21.113],[-13.337,11.051],[-5.259,-21.113],[6.022,-21.113],[13.947,10.976],[21.418,-21.113]],"c":true},"ix":2},"nm":"Path 1","mn":"ADBE Vector Shape - Group","hd":false},{"ty":"fl","c":{"a":0,"k":[0.835294177485,0.996078491211,0.945098099054,1],"ix":4},"o":{"a":0,"k":100,"ix":5},"r":1,"bm":0,"nm":"Fill 1","mn":"ADBE Vector Graphic - Fill","hd":false},{"ty":"tr","p":{"a":0,"k":[305.421,38.893],"ix":2},"a":{"a":0,"k":[0,0],"ix":1},"s":{"a":0,"k":[100,100],"ix":3},"r":{"a":0,"k":0,"ix":6},"o":{"a":0,"k":100,"ix":7},"sk":{"a":0,"k":0,"ix":4},"sa":{"a":0,"k":0,"ix":5},"nm":"Transform"}],"nm":"Group 7","np":2,"cix":2,"bm":0,"ix":7,"mn":"ADBE Vector Group","hd":false},{"ty":"gr","it":[{"ind":0,"ty":"sh","ix":1,"ks":{"a":0,"k":{"i":[[0,0],[1.93,1.652],[2.794,0],[1.803,-1.601],[0.406,-2.846]],"o":[[-0.051,-2.744],[-1.931,-1.651],[-2.642,0],[-1.804,1.601],[0,0]],"v":[[9.946,-3.963],[6.973,-10.556],[-0.115,-13.033],[-6.783,-10.632],[-10.099,-3.963]],"c":true},"ix":2},"nm":"Path 1","mn":"ADBE Vector Shape - Group","hd":false},{"ind":1,"ty":"sh","ix":2,"ks":{"a":0,"k":{"i":[[0.202,-1.22],[0,0],[-1.88,-1.726],[-2.744,0],[-1.677,3.405],[0,0],[3.455,-2.616],[5.031,0],[3.225,1.803],[1.802,3.303],[0,4.319],[-1.78,3.304],[-3.201,1.779],[-4.166,0],[-3.175,-1.727],[-1.753,-3.174],[0,-4.116]],"o":[[0,0],[0.254,3.049],[1.879,1.729],[3.963,0],[0,0],[-1.219,4.066],[-3.456,2.617],[-4.065,0],[-3.228,-1.804],[-1.804,-3.303],[0,-4.369],[1.778,-3.303],[3.202,-1.777],[4.014,0],[3.175,1.728],[1.753,3.176],[0,1.523]],"v":[[20.692,3.201],[-10.175,3.201],[-6.974,10.365],[-0.038,12.957],[8.423,7.85],[19.931,7.85],[12.919,17.873],[0.189,21.798],[-10.746,19.093],[-18.292,11.433],[-20.997,0],[-18.33,-11.509],[-10.861,-19.131],[0.189,-21.798],[10.975,-19.207],[18.369,-11.852],[20.997,-0.914]],"c":true},"ix":2},"nm":"Path 2","mn":"ADBE Vector Shape - Group","hd":false},{"ty":"fl","c":{"a":0,"k":[0.835294177485,0.996078491211,0.945098099054,1],"ix":4},"o":{"a":0,"k":100,"ix":5},"r":1,"bm":0,"nm":"Fill 1","mn":"ADBE Vector Graphic - Fill","hd":false},{"ty":"tr","p":{"a":0,"k":[231.606,38.893],"ix":2},"a":{"a":0,"k":[0,0],"ix":1},"s":{"a":0,"k":[100,100],"ix":3},"r":{"a":0,"k":0,"ix":6},"o":{"a":0,"k":100,"ix":7},"sk":{"a":0,"k":0,"ix":4},"sa":{"a":0,"k":0,"ix":5},"nm":"Transform"}],"nm":"Group 8","np":3,"cix":2,"bm":0,"ix":8,"mn":"ADBE Vector Group","hd":false},{"ty":"gr","it":[{"ind":0,"ty":"sh","ix":1,"ks":{"a":0,"k":{"i":[[2.744,1.245],[1.601,2.133],[0.153,2.591],[0,0],[-1.398,-1.067],[-2.084,0],[-1.143,0.812],[0,1.27],[1.397,0.685],[3.048,0.813],[2.007,0.814],[1.448,1.677],[0,2.847],[-1.347,1.932],[-2.514,1.118],[-3.405,0],[-2.999,-2.515],[-0.304,-4.268],[0,0],[1.244,0.99],[2.083,0],[1.041,-0.711],[0,-1.27],[-1.423,-0.736],[-2.999,-0.763],[-1.981,-0.811],[-1.448,-1.703],[-0.051,-2.794],[1.345,-1.93],[2.515,-1.092],[3.353,0]],"o":[[-2.743,-1.244],[-1.6,-2.134],[0,0],[0.203,1.627],[1.396,1.067],[2.031,0],[1.144,-0.813],[0,-1.372],[-1.398,-0.687],[-3.152,-0.762],[-2.008,-0.812],[-1.449,-1.677],[0,-2.336],[1.346,-1.93],[2.516,-1.117],[5.03,0],[2.997,2.516],[0,0],[-0.152,-1.677],[-1.246,-0.991],[-1.931,0],[-1.042,0.712],[0,1.423],[1.422,0.737],[3.048,0.762],[1.982,0.814],[1.448,1.702],[0,2.438],[-1.347,1.932],[-2.515,1.092],[-3.456,0]],"v":[[-8.384,19.931],[-14.901,14.863],[-17.53,7.775],[-6.783,7.775],[-4.382,11.814],[0.839,13.414],[5.602,12.196],[7.317,9.071],[5.221,5.984],[-1.447,3.735],[-9.184,1.372],[-14.366,-2.362],[-16.539,-9.146],[-14.519,-15.548],[-8.727,-20.121],[0.153,-21.798],[12.195,-18.025],[17.149,-7.85],[6.936,-7.85],[4.841,-11.851],[-0.153,-13.338],[-4.611,-12.27],[-6.173,-9.298],[-4.039,-6.059],[2.592,-3.81],[10.137,-1.448],[15.282,2.326],[17.53,9.071],[15.511,15.625],[9.718,20.16],[0.915,21.798]],"c":true},"ix":2},"nm":"Path 1","mn":"ADBE Vector Shape - Group","hd":false},{"ty":"fl","c":{"a":0,"k":[0.835294177485,0.996078491211,0.945098099054,1],"ix":4},"o":{"a":0,"k":100,"ix":5},"r":1,"bm":0,"nm":"Fill 1","mn":"ADBE Vector Graphic - Fill","hd":false},{"ty":"tr","p":{"a":0,"k":[187.057,38.892],"ix":2},"a":{"a":0,"k":[0,0],"ix":1},"s":{"a":0,"k":[100,100],"ix":3},"r":{"a":0,"k":0,"ix":6},"o":{"a":0,"k":100,"ix":7},"sk":{"a":0,"k":0,"ix":4},"sa":{"a":0,"k":0,"ix":5},"nm":"Transform"}],"nm":"Group 9","np":2,"cix":2,"bm":0,"ix":9,"mn":"ADBE Vector Group","hd":false},{"ty":"gr","it":[{"ind":0,"ty":"sh","ix":1,"ks":{"a":0,"k":{"i":[[1.016,1.855],[1.727,0.992],[1.982,0],[1.676,-0.964],[1.041,-1.855],[0,-2.54],[-1.042,-1.906],[-1.703,-1.015],[-1.931,0],[-1.728,0.991],[-1.017,1.855],[0,2.592]],"o":[[-1.017,-1.854],[-1.728,-0.99],[-1.981,0],[-1.677,0.966],[-1.042,1.855],[0,2.541],[1.041,1.905],[1.702,1.017],[1.982,0],[1.727,-0.991],[1.016,-1.855],[0,-2.591]],"v":[[9.718,-6.669],[5.602,-10.938],[0.038,-12.424],[-5.449,-10.976],[-9.527,-6.745],[-11.09,-0.152],[-9.527,6.517],[-5.411,10.899],[0.038,12.424],[5.602,10.937],[9.718,6.669],[11.242,0]],"c":true},"ix":2},"nm":"Path 1","mn":"ADBE Vector Shape - Group","hd":false},{"ind":1,"ty":"sh","ix":2,"ks":{"a":0,"k":{"i":[[-1.703,3.304],[-2.923,1.779],[-3.609,0],[-2.363,-1.269],[-1.422,-1.931],[0,0],[0,0],[0,0],[0,0],[0,0],[2.413,-1.295],[3.15,0],[2.921,1.829],[1.701,3.328],[0,4.319]],"o":[[1.701,-3.303],[2.921,-1.777],[3.15,0],[2.363,1.271],[0,0],[0,0],[0,0],[0,0],[0,0],[-1.372,1.982],[-2.413,1.296],[-3.557,0],[-2.923,-1.829],[-1.703,-3.327],[0,-4.269]],"v":[[-19.435,-11.509],[-12.499,-19.131],[-2.705,-21.798],[5.564,-19.893],[11.242,-15.091],[11.242,-21.112],[21.989,-21.112],[21.989,21.112],[11.242,21.112],[11.242,14.938],[5.564,19.854],[-2.782,21.798],[-12.499,19.055],[-19.435,11.318],[-21.989,-0.152]],"c":true},"ix":2},"nm":"Path 2","mn":"ADBE Vector Shape - Group","hd":false},{"ty":"fl","c":{"a":0,"k":[0.835294177485,0.996078491211,0.945098099054,1],"ix":4},"o":{"a":0,"k":100,"ix":5},"r":1,"bm":0,"nm":"Fill 1","mn":"ADBE Vector Graphic - Fill","hd":false},{"ty":"tr","p":{"a":0,"k":[139.384,38.893],"ix":2},"a":{"a":0,"k":[0,0],"ix":1},"s":{"a":0,"k":[100,100],"ix":3},"r":{"a":0,"k":0,"ix":6},"o":{"a":0,"k":100,"ix":7},"sk":{"a":0,"k":0,"ix":4},"sa":{"a":0,"k":0,"ix":5},"nm":"Transform"}],"nm":"Group 10","np":3,"cix":2,"bm":0,"ix":10,"mn":"ADBE Vector Group","hd":false},{"ty":"gr","it":[{"ind":0,"ty":"sh","ix":1,"ks":{"a":0,"k":{"i":[[0,0],[1.931,1.652],[2.794,0],[1.803,-1.601],[0.406,-2.846]],"o":[[-0.051,-2.744],[-1.931,-1.651],[-2.642,0],[-1.804,1.601],[0,0]],"v":[[9.947,-3.963],[6.973,-10.556],[-0.115,-13.033],[-6.784,-10.632],[-10.099,-3.963]],"c":true},"ix":2},"nm":"Path 1","mn":"ADBE Vector Shape - Group","hd":false},{"ind":1,"ty":"sh","ix":2,"ks":{"a":0,"k":{"i":[[0.202,-1.22],[0,0],[-1.881,-1.726],[-2.745,0],[-1.677,3.405],[0,0],[3.454,-2.616],[5.03,0],[3.226,1.803],[1.803,3.303],[0,4.319],[-1.779,3.304],[-3.2,1.779],[-4.167,0],[-3.176,-1.727],[-1.753,-3.174],[0,-4.116]],"o":[[0,0],[0.254,3.049],[1.879,1.729],[3.963,0],[0,0],[-1.219,4.066],[-3.456,2.617],[-4.066,0],[-3.227,-1.804],[-1.804,-3.303],[0,-4.369],[1.778,-3.303],[3.202,-1.777],[4.013,0],[3.175,1.728],[1.753,3.176],[0,1.523]],"v":[[20.693,3.201],[-10.176,3.201],[-6.974,10.365],[-0.038,12.957],[8.422,7.85],[19.93,7.85],[12.919,17.873],[0.19,21.798],[-10.747,19.093],[-18.293,11.433],[-20.997,0],[-18.331,-11.509],[-10.862,-19.131],[0.19,-21.798],[10.975,-19.207],[18.368,-11.852],[20.997,-0.914]],"c":true},"ix":2},"nm":"Path 2","mn":"ADBE Vector Shape - Group","hd":false},{"ty":"fl","c":{"a":0,"k":[0.835294177485,0.996078491211,0.945098099054,1],"ix":4},"o":{"a":0,"k":100,"ix":5},"r":1,"bm":0,"nm":"Fill 1","mn":"ADBE Vector Graphic - Fill","hd":false},{"ty":"tr","p":{"a":0,"k":[91.368,38.893],"ix":2},"a":{"a":0,"k":[0,0],"ix":1},"s":{"a":0,"k":[100,100],"ix":3},"r":{"a":0,"k":0,"ix":6},"o":{"a":0,"k":100,"ix":7},"sk":{"a":0,"k":0,"ix":4},"sa":{"a":0,"k":0,"ix":5},"nm":"Transform"}],"nm":"Group 11","np":3,"cix":2,"bm":0,"ix":11,"mn":"ADBE Vector Group","hd":false},{"ty":"gr","it":[{"ind":0,"ty":"sh","ix":1,"ks":{"a":0,"k":{"i":[[0,0],[0,0],[0,0],[0,0]],"o":[[0,0],[0,0],[0,0],[0,0]],"v":[[5.335,28.2],[-5.335,28.2],[-5.335,-28.2],[5.335,-28.2]],"c":true},"ix":2},"nm":"Path 1","mn":"ADBE Vector Shape - Group","hd":false},{"ty":"fl","c":{"a":0,"k":[0.835294177485,0.996078491211,0.945098099054,1],"ix":4},"o":{"a":0,"k":100,"ix":5},"r":1,"bm":0,"nm":"Fill 1","mn":"ADBE Vector Graphic - Fill","hd":false},{"ty":"tr","p":{"a":0,"k":[57.26,31.805],"ix":2},"a":{"a":0,"k":[0,0],"ix":1},"s":{"a":0,"k":[100,100],"ix":3},"r":{"a":0,"k":0,"ix":6},"o":{"a":0,"k":100,"ix":7},"sk":{"a":0,"k":0,"ix":4},"sa":{"a":0,"k":0,"ix":5},"nm":"Transform"}],"nm":"Group 12","np":2,"cix":2,"bm":0,"ix":12,"mn":"ADBE Vector Group","hd":false},{"ty":"gr","it":[{"ind":0,"ty":"sh","ix":1,"ks":{"a":0,"k":{"i":[[1.041,1.855],[1.702,0.965],[1.982,0],[1.702,-0.991],[1.041,-1.879],[0,-2.54],[-1.042,-1.879],[-1.703,-0.992],[-1.931,0],[-1.703,1.016],[-1.042,1.881],[0,2.592]],"o":[[-1.042,-1.854],[-1.703,-0.964],[-1.931,0],[-1.703,0.991],[-1.042,1.881],[0,2.541],[1.041,1.881],[1.702,0.99],[1.982,0],[1.702,-1.016],[1.041,-1.879],[0,-2.54]],"v":[[9.49,-16.463],[5.373,-20.693],[-0.153,-22.142],[-5.602,-20.655],[-9.717,-16.349],[-11.281,-9.718],[-9.717,-3.087],[-5.602,1.22],[-0.153,2.706],[5.373,1.182],[9.49,-3.163],[11.051,-9.87]],"c":true},"ix":2},"nm":"Path 1","mn":"ADBE Vector Shape - Group","hd":false},{"ind":1,"ty":"sh","ix":2,"ks":{"a":0,"k":{"i":[[-2.414,1.296],[-3.1,0],[-2.923,-1.777],[-1.703,-3.277],[0,-4.319],[1.702,-3.327],[2.921,-1.829],[3.607,0],[2.363,1.269],[1.474,1.932],[0,0],[0,0],[0,0],[0,0],[0,0]],"o":[[2.413,-1.296],[3.607,0],[2.921,1.78],[1.702,3.278],[0,4.319],[-1.703,3.329],[-2.923,1.829],[-3.1,0],[-2.362,-1.27],[0,0],[0,0],[0,0],[0,0],[0,0],[1.373,-1.93]],"v":[[-5.602,-29.572],[2.668,-31.516],[12.462,-28.849],[19.397,-21.265],[21.951,-9.87],[19.397,1.6],[12.462,9.337],[2.668,12.08],[-5.526,10.175],[-11.281,5.373],[-11.281,31.516],[-21.951,31.516],[-21.951,-30.83],[-11.281,-30.83],[-11.281,-24.733]],"c":true},"ix":2},"nm":"Path 2","mn":"ADBE Vector Shape - Group","hd":false},{"ty":"fl","c":{"a":0,"k":[0.835294177485,0.996078491211,0.945098099054,1],"ix":4},"o":{"a":0,"k":100,"ix":5},"r":1,"bm":0,"nm":"Fill 1","mn":"ADBE Vector Graphic - Fill","hd":false},{"ty":"tr","p":{"a":0,"k":[22.2,48.61],"ix":2},"a":{"a":0,"k":[0,0],"ix":1},"s":{"a":0,"k":[100,100],"ix":3},"r":{"a":0,"k":0,"ix":6},"o":{"a":0,"k":100,"ix":7},"sk":{"a":0,"k":0,"ix":4},"sa":{"a":0,"k":0,"ix":5},"nm":"Transform"}],"nm":"Group 13","np":3,"cix":2,"bm":0,"ix":13,"mn":"ADBE Vector Group","hd":false}],"ip":0,"op":31,"st":0,"bm":0},{"ddd":0,"ind":3,"ty":4,"nm":"base","sr":1,"ks":{"o":{"a":0,"k":100,"ix":11},"r":{"a":0,"k":0,"ix":10},"p":{"a":0,"k":[534.732,825.491,0],"ix":2},"a":{"a":0,"k":[344.556,89.692,0],"ix":1},"s":{"a":0,"k":[100,100,100],"ix":6}},"ao":0,"shapes":[{"ty":"gr","it":[{"ind":0,"ty":"sh","ix":1,"ks":{"a":0,"k":{"i":[[0,0],[3.115,-1.41],[3.807,-3.827],[1.352,-1.846],[1.606,-4.897]],"o":[[-3.766,0.91],[-5.766,2.608],[-1.687,1.696],[-3.349,4.574],[0,0]],"v":[[18.226,-16.531],[7.917,-13.025],[-6.356,-3.214],[-10.907,2.113],[-18.226,16.531]],"c":false},"ix":2},"nm":"Path 1","mn":"ADBE Vector Shape - Group","hd":false},{"ty":"st","c":{"a":0,"k":[0.835294177485,0.996078491211,0.945098099054,1],"ix":3},"o":{"a":0,"k":100,"ix":4},"w":{"a":0,"k":14,"ix":5},"lc":2,"lj":2,"bm":0,"nm":"Stroke 1","mn":"ADBE Vector Graphic - Stroke","hd":false},{"ty":"tr","p":{"a":0,"k":[79.789,71.667],"ix":2},"a":{"a":0,"k":[18,16.75],"ix":1},"s":{"a":0,"k":[100,100],"ix":3},"r":{"a":0,"k":0,"ix":6},"o":{"a":0,"k":100,"ix":7},"sk":{"a":0,"k":0,"ix":4},"sa":{"a":0,"k":0,"ix":5},"nm":"Transform"}],"nm":"Group 1","np":2,"cix":2,"bm":0,"ix":1,"mn":"ADBE Vector Group","hd":false},{"ty":"gr","it":[{"ind":0,"ty":"sh","ix":1,"ks":{"a":0,"k":{"i":[[0,0],[0,-15.59],[41.251,0],[-22.667,40.889]],"o":[[8.17,11.976],[0,41.251],[0,0],[21.955,-39.604]],"v":[[23.855,-58.367],[36.802,-16.326],[-37.89,58.367],[15.935,13.851]],"c":true},"ix":2},"nm":"Path 1","mn":"ADBE Vector Shape - Group","hd":false},{"ty":"st","c":{"a":0,"k":[0.003921568627,0.258823529412,0.258823529412,1],"ix":3},"o":{"a":0,"k":100,"ix":4},"w":{"a":0,"k":6,"ix":5},"lc":2,"lj":2,"bm":0,"nm":"Stroke 1","mn":"ADBE Vector Graphic - Stroke","hd":false},{"ty":"fl","c":{"a":0,"k":[0.003921568627,0.258823529412,0.258823529412,1],"ix":4},"o":{"a":0,"k":100,"ix":5},"r":1,"bm":0,"nm":"Fill 1","mn":"ADBE Vector Graphic - Fill","hd":false},{"ty":"tr","p":{"a":0,"k":[636.223,106.017],"ix":2},"a":{"a":0,"k":[0,0],"ix":1},"s":{"a":0,"k":[100,100],"ix":3},"r":{"a":0,"k":0,"ix":6},"o":{"a":0,"k":100,"ix":7},"sk":{"a":0,"k":0,"ix":4},"sa":{"a":0,"k":0,"ix":5},"nm":"Transform"}],"nm":"Group 2","np":3,"cix":2,"bm":0,"ix":2,"mn":"ADBE Vector Group","hd":false},{"ty":"gr","it":[{"ind":0,"ty":"sh","ix":1,"ks":{"a":0,"k":{"i":[[41.251,0],[0,0],[0,41.251],[-41.251,0],[0,0],[0,-41.251]],"o":[[0,0],[-41.251,0],[0,-41.251],[0,0],[41.251,0],[0,41.251]],"v":[[254.321,74.691],[-254.321,74.691],[-329.012,0.001],[-254.321,-74.691],[254.321,-74.691],[329.012,0.001]],"c":true},"ix":2},"nm":"Path 1","mn":"ADBE Vector Shape - Group","hd":false},{"ty":"st","c":{"a":0,"k":[0.003921568627,0.258823529412,0.258823529412,1],"ix":3},"o":{"a":0,"k":100,"ix":4},"w":{"a":0,"k":6,"ix":5},"lc":2,"lj":2,"bm":0,"nm":"Stroke 1","mn":"ADBE Vector Graphic - Stroke","hd":false},{"ty":"fl","c":{"a":0,"k":[0,0.866666726505,0.701960784314,1],"ix":4},"o":{"a":0,"k":100,"ix":5},"r":1,"bm":0,"nm":"Fill 1","mn":"ADBE Vector Graphic - Fill","hd":false},{"ty":"tr","p":{"a":0,"k":[344.012,89.691],"ix":2},"a":{"a":0,"k":[0,0],"ix":1},"s":{"a":0,"k":[100,100],"ix":3},"r":{"a":0,"k":0,"ix":6},"o":{"a":0,"k":100,"ix":7},"sk":{"a":0,"k":0,"ix":4},"sa":{"a":0,"k":0,"ix":5},"nm":"Transform"}],"nm":"Group 3","np":3,"cix":2,"bm":0,"ix":3,"mn":"ADBE Vector Group","hd":false}],"ip":0,"op":31,"st":0,"bm":0}],"markers":[]}